{
    "loss": 0.8630797266960144,
    "accuracy": 0.8921568393707275
}