{
    "loss": 1.4342368841171265,
    "accuracy": 0.8039215803146362
}