{
    "loss": 3.287513017654419,
    "accuracy": 0.656862735748291
}